Exp,Cell,TimeMin,Signal,Smoothed,Pred,State,Threshold
enhUP_raw,0,0.0,0.182,0.10191386968572741,0.115,0.0,0.23
enhUP_raw,0,0.3333333333333333,0.009,0.10279693831051229,0.115,0.0,0.23
enhUP_raw,0,0.6666666666666666,0.0755,0.030271505885483,0.115,0.0,0.23
enhUP_raw,0,1.0,0.093,0.08792117968784721,0.115,0.0,0.23
enhUP_raw,0,1.3333333333333333,0.101,0.10451361035405758,0.115,0.0,0.23
enhUP_raw,0,1.6666666666666667,0.0,0.050051289825002516,0.115,0.0,0.23
enhUP_raw,0,2.0,0.015,-0.0009685658291993211,0.115,0.0,0.23
enhUP_raw,0,2.3333333333333335,0.048,0.03272584104674674,0.115,0.0,0.23
enhUP_raw,0,2.6666666666666665,0.043,0.047700600285491807,0.115,0.0,0.23
enhUP_raw,0,3.0,0.0415,0.04398618949623386,0.115,0.0,0.23
enhUP_raw,0,3.3333333333333335,0.008,0.011950803475473865,0.115,0.0,0.23
enhUP_raw,0,3.6666666666666665,0.21,0.11842257914859375,0.115,0.0,0.23
enhUP_raw,0,4.0,0.0275,0.1316392008528603,0.115,0.0,0.23
enhUP_raw,0,4.333333333333333,0.025,0.010040383964478873,0.115,0.0,0.23
enhUP_raw,0,4.666666666666667,0.1005,0.06678102307832182,0.115,0.0,0.23
enhUP_raw,0,5.0,0.033,0.07020122083178726,0.115,0.0,0.23
enhUP_raw,0,5.333333333333333,0.0535,0.0348144199690351,0.115,0.0,0.23
enhUP_raw,0,5.666666666666667,0.1195,0.08403062862703421,0.115,0.0,0.23
enhUP_raw,0,6.0,0.1785,0.15184781141408768,0.115,0.0,0.23
enhUP_raw,0,6.333333333333333,0.2,0.1972234924332724,0.115,0.0,0.23
enhUP_raw,0,6.666666666666667,0.134,0.17534326583043583,0.115,0.0,0.23
enhUP_raw,0,7.0,0.0235,0.07020960093241348,0.115,0.0,0.23
enhUP_raw,0,7.333333333333333,0.0925,0.049087804085465786,0.115,0.0,0.23
enhUP_raw,0,7.666666666666667,0.123,0.11691237035136094,0.115,0.0,0.23
enhUP_raw,0,8.0,0.0465,0.08735273853212544,0.115,0.0,0.23
enhUP_raw,0,8.333333333333334,0.0345,0.017703697558072082,0.115,0.0,0.23
enhUP_raw,0,8.666666666666666,0.3205,0.1951120050035595,0.115,0.0,0.23
enhUP_raw,0,9.0,0.0265,0.1607329381523077,0.115,0.0,0.23
enhUP_raw,0,9.333333333333334,0.5145,0.25358493387345676,0.115,1.0,0.23
enhUP_raw,0,9.666666666666666,0.4855,0.4873731572130759,0.43651898734177214,1.0,0.23
enhUP_raw,0,10.0,1.1745,0.860652371822308,0.7580379746835443,1.0,0.23
enhUP_raw,0,10.333333333333334,0.6665,0.9916125348197172,1.0795569620253163,0.0,0.23
enhUP_raw,0,10.666666666666666,0.2275,0.3819019827940194,0.7580379746835443,0.0,0.23
enhUP_raw,0,11.0,0.756,0.49224921947567385,0.43651898734177214,1.0,0.23
enhUP_raw,0,11.333333333333334,0.303,0.5326275242331426,0.7580379746835443,1.0,0.23
enhUP_raw,0,11.666666666666666,0.783,0.5520808158137194,1.0795569620253163,0.0,0.23
enhUP_raw,0,12.0,0.189,0.5093274530605401,0.7580379746835443,0.0,0.23
enhUP_raw,0,12.333333333333334,0.2965,0.19710206550947515,0.43651898734177214,0.0,0.23
enhUP_raw,0,12.666666666666666,0.427,0.3649595953658313,0.115,0.0,0.23
enhUP_raw,0,13.0,0.4805,0.46636835006582783,0.115,1.0,0.23
enhUP_raw,0,13.333333333333334,0.4115,0.4431328237023798,0.43651898734177214,0.0,0.23
enhUP_raw,0,13.666666666666666,0.512,0.465923378088423,0.115,0.0,0.23
enhUP_raw,0,14.0,0.374,0.4151377223979395,0.115,1.0,0.23
enhUP_raw,0,14.333333333333334,0.9135,0.6227231459555806,0.43651898734177214,1.0,0.23
enhUP_raw,0,14.666666666666666,1.1045,1.0009531593277718,0.7580379746835443,1.0,0.23
enhUP_raw,0,15.0,1.7735,1.4831003077953695,1.0795569620253163,1.0,0.23
enhUP_raw,0,15.333333333333334,1.2715,1.5758165008986618,1.4010759493670886,0.0,0.23
enhUP_raw,0,15.666666666666666,1.1005,1.1742435444411015,1.0795569620253163,0.0,0.23
enhUP_raw,0,16.0,0.7845,0.890492015937875,0.7580379746835443,0.0,0.23
enhUP_raw,0,16.333333333333332,1.4395,1.1600165551916397,0.43651898734177214,1.0,0.23
enhUP_raw,0,16.666666666666668,0.3615,0.9252973337991549,0.7580379746835443,0.0,0.23
enhUP_raw,0,17.0,0.624,0.44117969334694473,0.43651898734177214,0.0,0.23
enhUP_raw,0,17.333333333333332,0.3665,0.520959898210252,0.115,0.0,0.23
enhUP_raw,0,17.666666666666668,0.2155,0.27212261599163196,0.115,0.0,0.23
enhUP_raw,0,18.0,0.259,0.23638647281941436,0.115,0.0,0.23
enhUP_raw,0,18.333333333333332,0.1205,0.19686201016767296,0.115,0.0,0.23
enhUP_raw,0,18.666666666666668,0.05,0.07039188100154462,0.115,0.0,0.23
enhUP_raw,0,19.0,0.147,0.09672951323885845,0.115,0.0,0.23
enhUP_raw,0,19.333333333333332,0.1035,0.1297225601447277,0.115,0.0,0.23
enhUP_raw,0,19.666666666666668,0.1265,0.08328654737279441,0.115,0.0,0.23
enhUP_raw,0,20.0,0.5855,0.3613618785497541,0.115,1.0,0.23
enhUP_raw,0,20.333333333333332,0.522,0.567987055085856,0.43651898734177214,1.0,0.23
enhUP_raw,0,20.666666666666668,0.755,0.624531959493625,0.7580379746835443,1.0,0.23
enhUP_raw,0,21.0,0.917,0.8689955091865945,1.0795569620253163,1.0,0.23
enhUP_raw,0,21.333333333333332,0.6295,0.8004550187936883,1.4010759493670886,0.0,0.23
enhUP_raw,0,21.666666666666668,0.3585,0.4327641905850921,1.0795569620253163,0.0,0.23
enhUP_raw,0,22.0,1.0425,0.7051915901644107,0.7580379746835443,1.0,0.23
enhUP_raw,0,22.333333333333332,0.6975,0.9332309095610717,1.0795569620253163,0.0,0.23
enhUP_raw,0,22.666666666666668,0.379,0.5074555085137664,0.7580379746835443,0.0,0.23
enhUP_raw,0,23.0,0.526,0.4403598503874552,0.43651898734177214,0.0,0.23
enhUP_raw,0,23.333333333333332,0.397,0.466750033688662,0.115,0.0,0.23
enhUP_raw,0,23.666666666666668,0.4535,0.36086911621076684,0.115,1.0,0.23
enhUP_raw,0,24.0,1.345,0.9180973423504634,0.43651898734177214,1.0,0.23
enhUP_raw,0,24.333333333333332,1.104,1.2944925245344843,0.7580379746835443,1.0,0.23
enhUP_raw,0,24.666666666666668,0.8865,0.9545219814321234,1.0795569620253163,0.0,0.23
enhUP_raw,0,25.0,1.292,1.0436994546261282,0.7580379746835443,1.0,0.23
enhUP_raw,0,25.333333333333332,1.789,1.522180296456537,1.0795569620253163,1.0,0.23
enhUP_raw,0,25.666666666666668,2.4905,2.2493173301656277,1.4010759493670886,1.0,0.23
enhUP_raw,0,26.0,1.254,1.88285849663469,1.7225949367088607,0.0,0.23
enhUP_raw,0,26.333333333333332,1.794,1.4788111445712322,1.4010759493670886,0.0,0.23
enhUP_raw,0,26.666666666666668,1.278,1.5858188421032615,1.0795569620253163,0.0,0.23
enhUP_raw,0,27.0,1.0255,1.1496472328847709,0.7580379746835443,0.0,0.23
enhUP_raw,0,27.333333333333332,0.546,0.7686900950682988,0.43651898734177214,0.0,0.23
enhUP_raw,0,27.666666666666668,0.5605,0.526953937597911,0.115,0.0,0.23
enhUP_raw,0,28.0,0.4945,0.5204177102832489,0.115,1.0,0.23
enhUP_raw,0,28.333333333333332,0.6205,0.578556665529688,0.43651898734177214,0.0,0.23
enhUP_raw,0,28.666666666666668,0.2215,0.4276938367804254,0.115,0.0,0.23
enhUP_raw,0,29.0,0.2385,0.17682255915309317,0.115,0.0,0.23
enhUP_raw,0,29.333333333333332,0.6815,0.4639029528620907,0.115,1.0,0.23
enhUP_raw,0,29.666666666666668,0.635,0.6932121041406241,0.43651898734177214,1.0,0.23
enhUP_raw,0,30.0,0.524,0.564304094997094,0.7580379746835443,0.0,0.23
enhUP_raw,0,30.333333333333332,0.722,0.630759347115188,0.43651898734177214,1.0,0.23
enhUP_raw,0,30.666666666666668,0.486,0.5959211371504867,0.7580379746835443,1.0,0.23
enhUP_raw,0,31.0,0.811,0.6331016862822167,1.0795569620253163,1.0,0.23
enhUP_raw,0,31.333333333333332,0.8225,0.8654902540875848,1.4010759493670886,0.0,0.23
enhUP_raw,0,31.666666666666668,0.374,0.5860942111965081,1.0795569620253163,0.0,0.23
enhUP_raw,0,32.0,0.5805,0.45628636879978374,0.7580379746835443,0.0,0.23
enhUP_raw,0,32.333333333333336,0.457,0.46446276529695973,0.43651898734177214,1.0,0.23
enhUP_raw,0,32.666666666666664,1.5225,1.0157853717943817,0.7580379746835443,1.0,0.23
enhUP_raw,0,33.0,0.9905,1.3437467924858688,1.0795569620253163,0.0,0.23
enhUP_raw,0,33.333333333333336,0.6765,0.8102333955158624,0.7580379746835443,0.0,0.23
enhUP_raw,0,33.666666666666664,0.521,0.5990195393203595,0.43651898734177214,0.0,0.23
enhUP_raw,0,34.0,0.2,0.35608358062523066,0.115,0.0,0.23
enhUP_raw,0,34.333333333333336,0.111,0.12081645781524918,0.115,0.0,0.23
enhUP_raw,0,34.666666666666664,0.3375,0.21817706135514367,0.115,0.0,0.23
enhUP_raw,0,35.0,0.34,0.32699572849437736,0.115,1.0,0.23
enhUP_raw,0,35.333333333333336,0.753,0.5586425157345142,0.43651898734177214,1.0,0.23
enhUP_raw,0,35.666666666666664,0.5635,0.6704204347624566,0.7580379746835443,1.0,0.23
enhUP_raw,0,36.0,0.787,0.693392526527576,1.0795569620253163,0.0,0.23
enhUP_raw,0,36.333333333333336,0.3105,0.5359698952559663,0.7580379746835443,0.0,0.23
enhUP_raw,0,36.666666666666664,0.7395,0.5417184494844396,0.43651898734177214,1.0,0.23
enhUP_raw,1,0.0,0.11,0.06137825544611964,0.115,0.0,0.23
enhUP_raw,1,0.3333333333333333,0.009,0.06491960906296486,0.115,0.0,0.23
enhUP_raw,1,0.6666666666666666,0.031,-0.009698157941310567,0.115,0.0,0.23
enhUP_raw,1,1.0,0.4025,0.24041178350315304,0.115,1.0,0.23
enhUP_raw,1,1.3333333333333333,0.0495,0.2474711827934949,0.3479113924050633,0.0,0.23
enhUP_raw,1,1.6666666666666667,0.081,0.037036558970793734,0.115,0.0,0.23
enhUP_raw,1,2.0,0.1775,0.14179422842044753,0.115,0.0,0.23
enhUP_raw,1,2.3333333333333335,0.0085,0.09962182147334463,0.115,0.0,0.23
enhUP_raw,1,2.6666666666666665,0.0,-0.011273431647853369,0.115,0.0,0.23
enhUP_raw,1,3.0,0.0775,0.04242169628289425,0.115,0.0,0.23
enhUP_raw,1,3.3333333333333335,0.0095,0.044379444648111985,0.115,0.0,0.23
enhUP_raw,1,3.6666666666666665,0.073,0.036573294113021515,0.115,0.0,0.23
enhUP_raw,1,4.0,0.0795,0.0809134542832026,0.115,0.0,0.23
enhUP_raw,1,4.333333333333333,0.069,0.07639224882351685,0.115,0.0,0.23
enhUP_raw,1,4.666666666666667,0.042,0.054664448097130995,0.115,0.0,0.23
enhUP_raw,1,5.0,0.0445,0.03896283648921587,0.115,0.0,0.23
enhUP_raw,1,5.333333333333333,0.0855,0.06788795700154325,0.115,0.0,0.23
enhUP_raw,1,5.666666666666667,0.042,0.06464894866993416,0.115,0.0,0.23
enhUP_raw,1,6.0,0.0685,0.04947056901176249,0.115,0.0,0.23
enhUP_raw,1,6.333333333333333,0.117,0.09803354125548237,0.115,0.0,0.23
enhUP_raw,1,6.666666666666667,0.06,0.09476945907907429,0.115,0.0,0.23
enhUP_raw,1,7.0,0.008,0.014942998111091524,0.115,0.0,0.23
enhUP_raw,1,7.333333333333333,0.254,0.14132634295098173,0.115,0.0,0.23
enhUP_raw,1,7.666666666666667,0.0375,0.15261053758354337,0.115,0.0,0.23
enhUP_raw,1,8.0,0.175,0.09566096445672854,0.115,0.0,0.23
enhUP_raw,1,8.333333333333334,0.1245,0.12807898332103163,0.115,0.0,0.23
enhUP_raw,1,8.666666666666666,0.6055,0.38379628981599917,0.115,1.0,0.23
enhUP_raw,1,9.0,0.2595,0.47198000763555764,0.3479113924050633,0.0,0.23
enhUP_raw,1,9.333333333333334,0.1155,0.16204816946410897,0.115,0.0,0.23
enhUP_raw,1,9.666666666666666,0.174,0.1256913869026371,0.115,0.0,0.23
enhUP_raw,1,10.0,0.3295,0.25803753913467453,0.115,0.0,0.23
enhUP_raw,1,10.333333333333334,0.289,0.3325876613438081,0.115,0.0,0.23
enhUP_raw,1,10.666666666666666,0.0755,0.17664999150423896,0.115,0.0,0.23
enhUP_raw,1,11.0,0.125,0.09163499747655864,0.115,0.0,0.23
enhUP_raw,1,11.333333333333334,0.047,0.08404989535831803,0.115,0.0,0.23
enhUP_raw,1,11.666666666666666,0.1255,0.07606885184573187,0.115,0.0,0.23
enhUP_raw,1,12.0,0.2095,0.17939897117249115,0.115,0.0,0.23
enhUP_raw,1,12.333333333333334,0.0975,0.14002657254427922,0.115,0.0,0.23
enhUP_raw,1,12.666666666666666,0.397,0.2601422012429643,0.115,0.0,0.23
enhUP_raw,1,13.0,0.0815,0.25654452603838873,0.115,0.0,0.23
enhUP_raw,1,13.333333333333334,0.105,0.05490196942551899,0.115,0.0,0.23
enhUP_raw,1,13.666666666666666,0.399,0.26585557987005765,0.115,1.0,0.23
enhUP_raw,1,14.0,0.201,0.31417164818837695,0.3479113924050633,0.0,0.23
enhUP_raw,1,14.333333333333334,0.2725,0.23926411523960942,0.115,0.0,0.23
enhUP_raw,1,14.666666666666666,0.036,0.15286777893295192,0.115,0.0,0.23
enhUP_raw,1,15.0,0.1265,0.04953761534746089,0.115,0.0,0.23
enhUP_raw,1,15.333333333333334,0.391,0.25482261031054565,0.115,1.0,0.23
enhUP_raw,1,15.666666666666666,0.542,0.4815324132973265,0.3479113924050633,1.0,0.23
enhUP_raw,1,16.0,0.5655,0.5243543590314519,0.5808227848101266,1.0,0.23
enhUP_raw,1,16.333333333333332,1.187,0.9189341935589117,0.8137341772151899,1.0,0.23
enhUP_raw,1,16.666666666666668,0.538,0.9177289037898341,1.0466455696202532,0.0,0.23
enhUP_raw,1,17.0,0.285,0.35774156311297295,0.8137341772151899,0.0,0.23
enhUP_raw,1,17.333333333333332,0.4905,0.37673052455185624,0.5808227848101267,1.0,0.23
enhUP_raw,1,17.666666666666668,0.4035,0.4166372066078301,0.8137341772151899,1.0,0.23
enhUP_raw,1,18.0,1.091,0.7769484495372603,1.0466455696202532,1.0,0.23
enhUP_raw,1,18.333333333333332,0.5385,0.8876060365628325,1.2795569620253164,0.0,0.23
enhUP_raw,1,18.666666666666668,0.0735,0.27294782012902996,1.0466455696202532,0.0,0.23
enhUP_raw,1,19.0,0.047,0.020882817138146857,0.8137341772151899,0.0,0.23
enhUP_raw,1,19.333333333333332,0.197,0.07791816303635904,0.5808227848101267,1.0,0.23
enhUP_raw,1,19.666666666666668,0.865,0.5428416395812398,0.8137341772151899,1.0,0.23
enhUP_raw,1,20.0,0.8205,0.8127510621133008,1.0466455696202532,1.0,0.23
enhUP_raw,1,20.333333333333332,1.9655,1.407374147937601,1.2795569620253164,1.0,0.23
enhUP_raw,1,20.666666666666668,1.694,1.8628529111984518,1.5124683544303796,1.0,0.23
enhUP_raw,1,21.0,2.312,1.9534176603426283,1.7453797468354428,1.0,0.23
enhUP_raw,1,21.333333333333332,2.837,2.6678347575187393,1.978291139240506,1.0,0.23
enhUP_raw,1,21.666666666666668,1.9725,2.3888480639154195,2.2112025316455695,0.0,0.23
enhUP_raw,1,22.0,2.7575,2.3589545599959245,1.978291139240506,1.0,0.23
enhUP_raw,1,22.333333333333332,1.995,2.45785084115634,2.2112025316455695,0.0,0.23
enhUP_raw,1,22.666666666666668,1.4845,1.6943796638443993,1.978291139240506,0.0,0.23
enhUP_raw,1,23.0,1.443,1.4174696291310556,1.7453797468354428,0.0,0.23
enhUP_raw,1,23.333333333333332,1.6575,1.5255583926086418,1.5124683544303796,1.0,0.23
enhUP_raw,1,23.666666666666668,2.006,1.8728283360471611,1.7453797468354428,1.0,0.23
enhUP_raw,1,24.0,1.571,1.8138903395455228,1.978291139240506,0.0,0.23
enhUP_raw,1,24.333333333333332,1.513,1.4499539370612844,1.7453797468354428,1.0,0.23
enhUP_raw,1,24.666666666666668,2.534,2.002183794725787,1.978291139240506,1.0,0.23
enhUP_raw,1,25.0,2.8165,2.8021244653938266,2.2112025316455695,1.0,0.23
enhUP_raw,1,25.333333333333332,1.8295,2.328501208732257,2.4441139240506327,0.0,0.23
enhUP_raw,1,25.666666666666668,2.037,1.9285833232998886,2.2112025316455695,0.0,0.23
enhUP_raw,1,26.0,1.117,1.5028360379383618,1.978291139240506,0.0,0.23
enhUP_raw,1,26.333333333333332,2.4995,1.8352170546247126,1.7453797468354428,1.0,0.23
enhUP_raw,1,26.666666666666668,1.158,1.9529320948165856,1.978291139240506,0.0,0.23
enhUP_raw,1,27.0,0.5645,0.7102076020107623,1.7453797468354428,0.0,0.23
enhUP_raw,1,27.333333333333332,1.6215,1.0695096576897352,1.5124683544303796,1.0,0.23
enhUP_raw,1,27.666666666666668,1.393,1.5924033988241701,1.7453797468354428,1.0,0.23
enhUP_raw,1,28.0,1.0985,1.219198862167823,1.978291139240506,0.0,0.23
enhUP_raw,1,28.333333333333332,1.299,1.2066810584388241,1.7453797468354428,0.0,0.23
enhUP_raw,1,28.666666666666668,0.879,1.115018046652296,1.5124683544303796,0.0,0.23
enhUP_raw,1,29.0,0.6635,0.7167801603456859,1.2795569620253164,0.0,0.23
enhUP_raw,1,29.333333333333332,1.1065,0.8754530067586157,1.0466455696202532,1.0,0.23
enhUP_raw,1,29.666666666666668,1.0435,1.1450973783556784,1.2795569620253164,0.0,0.23
enhUP_raw,1,30.0,0.3765,0.7043794757575248,1.0466455696202532,0.0,0.23
enhUP_raw,1,30.333333333333332,0.4035,0.3311770119190623,0.8137341772151899,0.0,0.23
enhUP_raw,1,30.666666666666668,0.6655,0.5270431595104964,0.5808227848101267,1.0,0.23
enhUP_raw,1,31.0,0.7985,0.6689273762359264,0.8137341772151899,1.0,0.23
enhUP_raw,1,31.333333333333332,2.0605,1.4625686968220588,1.0466455696202532,1.0,0.23
enhUP_raw,1,31.666666666666668,1.669,1.9121298173035208,1.2795569620253164,1.0,0.23
enhUP_raw,1,32.0,2.1835,1.911800038521296,1.5124683544303796,1.0,0.23
enhUP_raw,1,32.333333333333336,2.033,2.188445933608672,1.7453797468354428,0.0,0.23
enhUP_raw,1,32.666666666666664,1.2735,1.6096662553152996,1.5124683544303796,0.0,0.23
enhUP_raw,1,33.0,1.821,1.556435942737954,1.2795569620253164,0.0,0.23
enhUP_raw,1,33.333333333333336,0.915,1.3991528065567693,1.0466455696202532,0.0,0.23
enhUP_raw,1,33.666666666666664,0.9645,0.8757769902803998,0.8137341772151899,0.0,0.23
enhUP_raw,1,34.0,1.072,1.0047398640257519,0.5808227848101267,1.0,0.23
enhUP_raw,1,34.333333333333336,1.3205,1.1106063295929867,0.8137341772151899,1.0,0.23
enhUP_raw,1,34.666666666666664,2.7845,2.0874195709659977,1.0466455696202532,1.0,0.23
enhUP_raw,1,35.0,2.4855,2.7696064899923423,1.2795569620253164,1.0,0.23
enhUP_raw,1,35.333333333333336,1.831,2.227723193407595,1.5124683544303796,0.0,0.23
enhUP_raw,1,35.666666666666664,0.44,1.0695702557639142,1.2795569620253164,0.0,0.23
enhUP_raw,1,36.0,0.831,0.5957315862626883,1.0466455696202532,0.0,0.23
enhUP_raw,1,36.333333333333336,0.062,0.44179712025828427,0.8137341772151899,0.0,0.23
enhUP_raw,1,36.666666666666664,0.522,0.2765334610633272,0.5808227848101267,0.0,0.23
enhUP_raw,2,0.0,0.145,0.059991653414173715,0.115,0.0,0.23
enhUP_raw,2,0.3333333333333333,0.3445,0.2712588133649849,0.115,0.0,0.23
enhUP_raw,2,0.6666666666666666,0.07,0.21688791826026382,0.115,0.0,0.23
enhUP_raw,2,1.0,0.118,0.07690370995800092,0.115,0.0,0.23
enhUP_raw,2,1.3333333333333333,0.1155,0.12365154243823104,0.115,0.0,0.23
enhUP_raw,2,1.6666666666666667,0.049,0.044631160652456744,0.115,0.0,0.23
enhUP_raw,2,2.0,0.642,0.34453260925791057,0.115,1.0,0.23
enhUP_raw,2,2.3333333333333335,0.592,0.6670169441349004,0.3479113924050633,1.0,0.23
enhUP_raw,2,2.6666666666666665,0.395,0.5045714916035573,0.5808227848101266,0.0,0.23
enhUP_raw,2,3.0,0.174,0.27626246057736076,0.3479113924050633,0.0,0.23
enhUP_raw,2,3.3333333333333335,0.1065,0.12155293253591291,0.115,0.0,0.23
enhUP_raw,2,3.6666666666666665,0.1805,0.14475820589621693,0.115,0.0,0.23
enhUP_raw,2,4.0,0.092,0.1435816478167498,0.115,0.0,0.23
enhUP_raw,2,4.333333333333333,0.0495,0.06368920297028277,0.115,0.0,0.23
enhUP_raw,2,4.666666666666667,0.0725,0.05205309457922826,0.115,0.0,0.23
enhUP_raw,2,5.0,0.172,0.13453708958246352,0.115,0.0,0.23
enhUP_raw,2,5.333333333333333,0.0,0.0878377217203408,0.115,0.0,0.23
enhUP_raw,2,5.666666666666667,0.07,0.018248347864060155,0.115,0.0,0.23
enhUP_raw,2,6.0,0.164,0.12626187912568365,0.115,0.0,0.23
enhUP_raw,2,6.333333333333333,0.0865,0.13145316627562234,0.115,0.0,0.23
enhUP_raw,2,6.666666666666667,0.082,0.0708731157130703,0.115,0.0,0.23
enhUP_raw,2,7.0,0.2175,0.15845060396065153,0.115,0.0,0.23
enhUP_raw,2,7.333333333333333,0.075,0.15552386736672918,0.115,0.0,0.23
enhUP_raw,2,7.666666666666667,0.064,0.06237287538225846,0.115,0.0,0.23
enhUP_raw,2,8.0,0.0345,0.04295777155179082,0.115,0.0,0.23
enhUP_raw,2,8.333333333333334,0.1225,0.08045579236073834,0.115,0.0,0.23
enhUP_raw,2,8.666666666666666,0.0615,0.0924381940041168,0.115,0.0,0.23
enhUP_raw,2,9.0,0.143,0.10468755790311504,0.115,0.0,0.23
enhUP_raw,2,9.333333333333334,0.044,0.09864589702411787,0.115,0.0,0.23
enhUP_raw,2,9.666666666666666,0.0435,0.03497150577097897,0.115,0.0,0.23
enhUP_raw,2,10.0,0.0835,0.06015219570381437,0.115,0.0,0.23
enhUP_raw,2,10.333333333333334,0.136,0.1191296285590981,0.115,0.0,0.23
enhUP_raw,2,10.666666666666666,0.0275,0.08328557405850454,0.115,0.0,0.23
enhUP_raw,2,11.0,0.055,0.02456780166110761,0.115,0.0,0.23
enhUP_raw,2,11.333333333333334,0.211,0.13846735331971244,0.115,0.0,0.23
enhUP_raw,2,11.666666666666666,0.1515,0.19246702907245586,0.115,0.0,0.23
enhUP_raw,2,12.0,0.1305,0.13949588341979074,0.115,0.0,0.23
enhUP_raw,2,12.333333333333334,0.096,0.1144213625614783,0.115,0.0,0.23
enhUP_raw,2,12.666666666666666,0.0555,0.06734681960307767,0.115,0.0,0.23
enhUP_raw,2,13.0,0.154,0.10466722503003184,0.115,0.0,0.23
enhUP_raw,2,13.333333333333334,0.1145,0.13944897300836628,0.115,0.0,0.23
enhUP_raw,2,13.666666666666666,0.13,0.11418884789516083,0.115,0.0,0.23
enhUP_raw,2,14.0,0.2165,0.15291648198663804,0.115,0.0,0.23
enhUP_raw,2,14.333333333333334,0.554,0.39774997968364906,0.115,1.0,0.23
enhUP_raw,2,14.666666666666666,0.4415,0.5044238509481286,0.3479113924050633,1.0,0.23
enhUP_raw,2,15.0,0.672,0.5295150653673262,0.5808227848101266,1.0,0.23
enhUP_raw,2,15.333333333333334,0.995,0.8757932568275288,0.8137341772151899,1.0,0.23
enhUP_raw,2,15.666666666666666,0.5535,0.7691403060174865,1.0466455696202532,0.0,0.23
enhUP_raw,2,16.0,0.9565,0.7042621271866221,0.8137341772151899,1.0,0.23
enhUP_raw,2,16.333333333333332,1.317,1.1381208404553966,1.0466455696202532,1.0,0.23
enhUP_raw,2,16.666666666666668,1.6975,1.5499922719178465,1.2795569620253164,1.0,0.23
enhUP_raw,2,17.0,1.389,1.6125300323273288,1.5124683544303796,0.0,0.23
enhUP_raw,2,17.333333333333332,0.673,0.9795952432868811,1.2795569620253164,0.0,0.23
enhUP_raw,2,17.666666666666668,1.183,0.9156684396539331,1.0466455696202532,0.0,0.23
enhUP_raw,2,18.0,0.6575,0.925551329715133,0.8137341772151899,0.0,0.23
enhUP_raw,2,18.333333333333332,1.0785,0.8273723413278464,0.5808227848101267,1.0,0.23
enhUP_raw,2,18.666666666666668,1.1985,1.163856368661137,0.8137341772151899,1.0,0.23
enhUP_raw,2,19.0,1.219,1.254341571693762,1.0466455696202532,0.0,0.23
enhUP_raw,2,19.333333333333332,0.616,0.8716059594374189,0.8137341772151899,0.0,0.23
enhUP_raw,2,19.666666666666668,1.365,0.9727846213912429,0.5808227848101267,1.0,0.23
enhUP_raw,2,20.0,1.041,1.2370699459489856,0.8137341772151899,1.0,0.23
enhUP_raw,2,20.333333333333332,1.247,1.1184256959325876,1.0466455696202532,1.0,0.23
enhUP_raw,2,20.666666666666668,1.328,1.2586384915472586,1.2795569620253164,1.0,0.23
enhUP_raw,2,21.0,1.984,1.6161291170563732,1.5124683544303796,1.0,0.23
enhUP_raw,2,21.333333333333332,2.697,2.384476145340417,1.7453797468354428,1.0,0.23
enhUP_raw,2,21.666666666666668,2.6615,2.759872722563643,1.978291139240506,1.0,0.23
enhUP_raw,2,22.0,2.107,2.416914227238028,2.2112025316455695,0.0,0.23
enhUP_raw,2,22.333333333333332,1.558,1.783495685603678,1.978291139240506,0.0,0.23
enhUP_raw,2,22.666666666666668,1.7785,1.6359989437745333,1.7453797468354428,0.0,0.23
enhUP_raw,2,23.0,1.7335,1.7433953833484226,1.5124683544303796,1.0,0.23
enhUP_raw,2,23.333333333333332,2.1515,1.9554448035625698,1.7453797468354428,1.0,0.23
enhUP_raw,2,23.666666666666668,1.898,1.998367589393017,1.978291139240506,1.0,0.23
enhUP_raw,2,24.0,2.7325,2.295306120570718,2.2112025316455695,1.0,0.23
enhUP_raw,2,24.333333333333332,2.8015,2.866158051641187,2.4441139240506327,1.0,0.23
enhUP_raw,2,24.666666666666668,2.0685,2.4617501790472716,2.6770253164556963,0.0,0.23
enhUP_raw,2,25.0,1.7245,1.8998950186385157,2.4441139240506327,0.0,0.23
enhUP_raw,2,25.333333333333332,0.9375,1.301306100637985,2.2112025316455695,0.0,0.23
enhUP_raw,2,25.666666666666668,1.057,0.931779573144139,1.978291139240506,0.0,0.23
enhUP_raw,2,26.0,1.3065,1.2227040559191211,1.7453797468354428,1.0,0.23
enhUP_raw,2,26.333333333333332,0.7735,1.0556465128087686,1.978291139240506,0.0,0.23
enhUP_raw,2,26.666666666666668,0.7735,0.7111091925170425,1.7453797468354428,0.0,0.23
enhUP_raw,2,27.0,1.228,0.9939520213814917,1.5124683544303796,1.0,0.23
enhUP_raw,2,27.333333333333332,1.337,1.3601376525207796,1.7453797468354428,0.0,0.23
enhUP_raw,2,27.666666666666668,0.5615,0.9332464140182245,1.5124683544303796,0.0,0.23
enhUP_raw,2,28.0,0.927,0.7015482696192762,1.2795569620253164,0.0,0.23
enhUP_raw,2,28.333333333333332,0.8275,0.900343859970408,1.0466455696202532,1.0,0.23
enhUP_raw,2,28.666666666666668,0.819,0.7759726008265595,1.2795569620253164,1.0,0.23
enhUP_raw,2,29.0,1.4675,1.123086143221749,1.5124683544303796,1.0,0.23
enhUP_raw,2,29.333333333333332,1.7735,1.6235199616177944,1.7453797468354428,1.0,0.23
enhUP_raw,2,29.666666666666668,2.3805,2.160942915719499,1.978291139240506,1.0,0.23
enhUP_raw,2,30.0,1.3595,1.8723995186539595,2.2112025316455695,0.0,0.23
enhUP_raw,2,30.333333333333332,1.935,1.6289767455382742,1.978291139240506,0.0,0.23
enhUP_raw,2,30.666666666666668,1.198,1.5132027248465814,1.7453797468354428,1.0,0.23
enhUP_raw,2,31.0,2.609,1.8469629323928927,1.978291139240506,1.0,0.23
enhUP_raw,2,31.333333333333332,2.774,2.8253449583534285,2.2112025316455695,1.0,0.23
enhUP_raw,2,31.666666666666668,2.065,2.4420634879317595,2.4441139240506327,0.0,0.23
enhUP_raw,2,32.0,1.88,1.9081247691452512,2.2112025316455695,0.0,0.23
enhUP_raw,2,32.333333333333336,2.1885,2.0066524465858455,1.978291139240506,1.0,0.23
enhUP_raw,2,32.666666666666664,2.4365,2.3420064874241193,2.2112025316455695,1.0,0.23
enhUP_raw,2,33.0,2.281,2.4126760450613207,2.4441139240506327,0.0,0.23
enhUP_raw,2,33.333333333333336,1.674,1.9250485760670655,2.2112025316455695,0.0,0.23
enhUP_raw,2,33.666666666666664,2.343,1.9042870029923165,1.978291139240506,1.0,0.23
enhUP_raw,2,34.0,3.3925,3.006568041294672,2.2112025316455695,1.0,0.23
enhUP_raw,2,34.333333333333336,1.861,2.677719659306992,2.4441139240506327,0.0,0.23
enhUP_raw,2,34.666666666666664,2.1065,1.8662500801033168,2.2112025316455695,0.0,0.23
enhUP_raw,2,35.0,2.4485,2.3834266473074193,1.978291139240506,0.0,0.23
enhUP_raw,2,35.333333333333336,1.008,1.7350858839029142,1.7453797468354428,0.0,0.23
enhUP_raw,2,35.666666666666664,1.241,1.0087570184911938,1.5124683544303796,0.0,0.23
enhUP_raw,2,36.0,1.632,1.4404857870541259,1.2795569620253164,1.0,0.23
enhUP_raw,2,36.333333333333336,1.7845,1.6456850721410334,1.5124683544303796,1.0,0.23
enhUP_raw,2,36.666666666666664,3.171,2.5352009967623594,1.7453797468354428,1.0,0.23
enhUP_raw,2,37.0,2.4145,2.8510730433027827,1.978291139240506,1.0,0.23
enhUP_raw,2,37.333333333333336,2.884,2.647092716642638,2.2112025316455695,0.0,0.23
enhUP_raw,2,37.666666666666664,2.178,2.6401137649000654,1.978291139240506,0.0,0.23
enhUP_raw,2,38.0,0.913,1.4565423141124934,1.7453797468354428,0.0,0.23
enhUP_raw,2,38.333333333333336,1.6135,1.1507997100339764,1.5124683544303796,1.0,0.23
enhUP_raw,2,38.666666666666664,2.124,1.9290684809475924,1.7453797468354428,1.0,0.23
enhUP_raw,2,39.0,1.8645,2.0434388599088655,1.978291139240506,0.0,0.23
enhUP_raw,2,39.333333333333336,1.593,1.6261142857427882,1.7453797468354428,1.0,0.23
enhUP_raw,2,39.666666666666664,2.9635,2.3000807530809295,1.978291139240506,1.0,0.23
enhUP_raw,2,40.0,2.35,2.79272382975425,2.2112025316455695,0.0,0.23
enhUP_raw,2,40.333333333333336,1.5685,1.9203313074875863,1.978291139240506,0.0,0.23
enhUP_raw,2,40.666666666666664,1.5795,1.530533539229902,1.7453797468354428,0.0,0.23
enhUP_raw,2,41.0,1.4855,1.572691322340791,1.5124683544303796,0.0,0.23
enhUP_raw,2,41.333333333333336,0.8505,1.104731953387408,1.2795569620253164,0.0,0.23
enhUP_raw,2,41.666666666666664,1.756,1.252153651512595,1.0466455696202532,1.0,0.23
enhUP_raw,2,42.0,1.9295,1.910842487341115,1.2795569620253164,1.0,0.23
enhUP_raw,2,42.333333333333336,1.7585,1.8985916278414658,1.5124683544303796,0.0,0.23
enhUP_raw,2,42.666666666666664,1.0755,1.4188586548819244,1.2795569620253164,0.0,0.23
enhUP_raw,2,43.0,0.881,0.98431610820845,1.0466455696202532,0.0,0.23
enhUP_raw,2,43.333333333333336,0.101,0.4780829230496014,0.8137341772151899,0.0,0.23
enhUP_raw,2,43.666666666666664,0.1035,0.021847276250528926,0.5808227848101267,0.0,0.23
enhUP_raw,2,44.0,0.5965,0.37750820779145006,0.34791139240506336,1.0,0.23
enhUP_raw,2,44.333333333333336,0.154,0.35351981552222855,0.5808227848101267,1.0,0.23
enhUP_raw,2,44.666666666666664,0.991,0.5481486757275198,0.8137341772151899,1.0,0.23
enhUP_raw,2,45.0,0.9345,0.9941892720972545,1.0466455696202532,1.0,0.23
enhUP_raw,2,45.333333333333336,1.2795,1.1846649076695535,1.2795569620253164,1.0,0.23
enhUP_raw,3,0.0,0.105,0.05411216617957122,0.115,0.0,0.23
enhUP_raw,3,0.3333333333333333,0.08,0.10417602524569765,0.115,0.0,0.23
enhUP_raw,3,0.6666666666666666,0.0,0.03478070663298336,0.115,0.0,0.23
enhUP_raw,3,1.0,0.058,0.02203659726047447,0.115,0.0,0.23
enhUP_raw,3,1.3333333333333333,0.088,0.0769941643033809,0.115,0.0,0.23
enhUP_raw,3,1.6666666666666667,0.082,0.08344316342709782,0.115,0.0,0.23
enhUP_raw,3,2.0,0.1375,0.11468394907867968,0.115,0.0,0.23
enhUP_raw,3,2.3333333333333335,0.053,0.09195875388864141,0.115,0.0,0.23
enhUP_raw,3,2.6666666666666665,0.16,0.09581744314324338,0.115,0.0,0.23
enhUP_raw,3,3.0,0.2425,0.18477896805429003,0.115,0.0,0.23
enhUP_raw,3,3.3333333333333335,0.6105,0.4426820233881009,0.115,1.0,0.23
enhUP_raw,3,3.6666666666666665,0.44,0.5714307658867361,0.445379746835443,0.0,0.23
enhUP_raw,3,4.0,0.078,0.2461380624417454,0.115,0.0,0.23
enhUP_raw,3,4.333333333333333,0.1135,0.07585926909640385,0.115,0.0,0.23
enhUP_raw,3,4.666666666666667,0.06,0.03759760291640893,0.115,0.0,0.23
enhUP_raw,3,5.0,0.868,0.43465012276881887,0.115,1.0,0.23
enhUP_raw,3,5.333333333333333,1.28,1.1369444758328666,0.445379746835443,1.0,0.23
enhUP_raw,3,5.666666666666667,1.094,1.23112904316014,0.775759493670886,0.0,0.23
enhUP_raw,3,6.0,0.816,0.9725698626050606,0.445379746835443,0.0,0.23
enhUP_raw,3,6.333333333333333,0.3545,0.5656364685093684,0.115,0.0,0.23
enhUP_raw,3,6.666666666666667,0.387,0.3565014599487753,0.115,0.0,0.23
enhUP_raw,3,7.0,0.1465,0.24212709963800577,0.115,1.0,0.23
enhUP_raw,3,7.333333333333333,0.568,0.36740377236011384,0.445379746835443,1.0,0.23
enhUP_raw,3,7.666666666666667,0.168,0.4033921828804019,0.775759493670886,0.0,0.23
enhUP_raw,3,8.0,0.0275,0.06413119991712647,0.445379746835443,0.0,0.23
enhUP_raw,3,8.333333333333334,0.162,0.08833545862376084,0.115,0.0,0.23
enhUP_raw,3,8.666666666666666,0.1205,0.1500626175710668,0.115,0.0,0.23
enhUP_raw,3,9.0,0.115,0.11750588259315559,0.115,0.0,0.23
enhUP_raw,3,9.333333333333334,0.078,0.09416921501414605,0.115,0.0,0.23
enhUP_raw,3,9.666666666666666,0.109,0.09008267233762211,0.115,0.0,0.23
enhUP_raw,3,10.0,0.1255,0.11402182944872345,0.115,0.0,0.23
enhUP_raw,3,10.333333333333334,0.2075,0.16939092260707486,0.115,0.0,0.23
enhUP_raw,3,10.666666666666666,0.1785,0.1984695721575606,0.115,0.0,0.23
enhUP_raw,3,11.0,0.1745,0.178707243479666,0.115,0.0,0.23
enhUP_raw,3,11.333333333333334,0.111,0.1414177072429753,0.115,0.0,0.23
enhUP_raw,3,11.666666666666666,0.1275,0.11095656627170183,0.115,0.0,0.23
enhUP_raw,3,12.0,0.1905,0.11285317538661599,0.115,0.0,0.23
enhUP_raw,3,12.333333333333334,0.939,0.5956599095822513,0.115,1.0,0.23
enhUP_raw,3,12.666666666666666,0.512,0.7593416897598928,0.445379746835443,0.0,0.23
enhUP_raw,3,13.0,0.7225,0.55781840176632,0.115,1.0,0.23
enhUP_raw,3,13.333333333333334,1.2445,1.0431372293654664,0.445379746835443,1.0,0.23
enhUP_raw,3,13.666666666666666,0.51,0.9178507217580703,0.775759493670886,0.0,0.23
enhUP_raw,3,14.0,0.3925,0.4177932328719118,0.445379746835443,0.0,0.23
enhUP_raw,3,14.333333333333334,0.1905,0.28564684628834164,0.115,0.0,0.23
enhUP_raw,3,14.666666666666666,0.1585,0.13595114528035526,0.115,0.0,0.23
enhUP_raw,3,15.0,0.5665,0.37197858595380145,0.115,1.0,0.23
enhUP_raw,3,15.333333333333334,0.3845,0.5126979867771747,0.445379746835443,0.0,0.23
enhUP_raw,3,15.666666666666666,0.2,0.23909524563371284,0.115,0.0,0.23
enhUP_raw,3,16.0,0.8575,0.4802404030080493,0.115,1.0,0.23
enhUP_raw,3,16.333333333333332,1.4395,1.1952856125900282,0.445379746835443,1.0,0.23
enhUP_raw,3,16.666666666666668,1.3575,1.4511628686026967,0.775759493670886,1.0,0.23
enhUP_raw,3,17.0,1.1155,1.2800305961590153,1.106139240506329,0.0,0.23
enhUP_raw,3,17.333333333333332,0.3495,0.7252378059802979,0.775759493670886,0.0,0.23
enhUP_raw,3,17.666666666666668,0.2225,0.2441253021623078,0.445379746835443,0.0,0.23
enhUP_raw,3,18.0,0.115,0.1374699292167499,0.115,0.0,0.23
enhUP_raw,3,18.333333333333332,0.471,0.21534009470513296,0.115,1.0,0.23
enhUP_raw,3,18.666666666666668,1.591,1.0553475423301204,0.445379746835443,1.0,0.23
enhUP_raw,3,19.0,1.56,1.6329975686907237,0.775759493670886,1.0,0.23
enhUP_raw,3,19.333333333333332,1.772,1.6550320263134692,1.106139240506329,1.0,0.23
enhUP_raw,3,19.666666666666668,1.9255,1.9045919701111822,1.436518987341772,0.0,0.23
enhUP_raw,3,20.0,1.2565,1.6231577547375402,1.106139240506329,0.0,0.23
enhUP_raw,3,20.333333333333332,0.8905,0.905633811721115,0.775759493670886,1.0,0.23
enhUP_raw,3,20.666666666666668,2.877,1.8602242280545553,1.106139240506329,1.0,0.23
enhUP_raw,3,21.0,2.8835,3.052892437724759,1.436518987341772,1.0,0.23
enhUP_raw,3,21.333333333333332,2.1385,2.5207883108197273,1.766898734177215,0.0,0.23
enhUP_raw,3,21.666666666666668,1.9955,1.9487847081514378,1.436518987341772,1.0,0.23
enhUP_raw,3,22.0,3.126,2.6127666455325453,1.766898734177215,1.0,0.23
enhUP_raw,3,22.333333333333332,2.1495,2.6449612939428984,2.0972784810126583,1.0,0.23
enhUP_raw,3,22.666666666666668,3.172,2.6705248556820567,2.427658227848101,1.0,0.23
enhUP_raw,3,23.0,2.052,2.7180709480523286,2.7580379746835444,0.0,0.23
enhUP_raw,3,23.333333333333332,1.39,1.6396356131856074,2.427658227848101,0.0,0.23
enhUP_raw,3,23.666666666666668,1.566,1.466366103833431,2.097278481012658,0.0,0.23
enhUP_raw,3,24.0,1.0795,1.3175630100591402,1.7668987341772149,0.0,0.23
enhUP_raw,3,24.333333333333332,1.331,1.1495410543757927,1.4365189873417719,1.0,0.23
enhUP_raw,3,24.666666666666668,1.725,1.5273448638215903,1.7668987341772149,1.0,0.23
enhUP_raw,3,25.0,1.9765,1.8007190145632366,2.097278481012658,1.0,0.23
enhUP_raw,3,25.333333333333332,3.1665,2.6213906028002114,2.427658227848101,1.0,0.23
enhUP_raw,3,25.666666666666668,2.6375,3.038897341070467,2.7580379746835444,0.0,0.23
enhUP_raw,3,26.0,1.663,2.1047885219722535,2.427658227848101,0.0,0.23
enhUP_raw,3,26.333333333333332,1.8565,1.6594639834127334,2.097278481012658,1.0,0.23
enhUP_raw,3,26.666666666666668,2.4665,2.192019267419111,2.427658227848101,1.0,0.23
enhUP_raw,3,27.0,2.1635,2.273644231394945,2.7580379746835444,1.0,0.23
enhUP_raw,3,27.333333333333332,3.4345,2.839745999443299,3.0884177215189874,1.0,0.23
enhUP_raw,3,27.666666666666668,2.4935,3.070445849643097,3.418797468354431,0.0,0.23
enhUP_raw,3,28.0,2.0765,2.197298424017489,3.0884177215189874,0.0,0.23
enhUP_raw,3,28.333333333333332,2.533,2.306105929539224,2.7580379746835444,1.0,0.23
enhUP_raw,3,28.666666666666668,2.087,2.3213639394313414,3.0884177215189874,0.0,0.23
enhUP_raw,3,29.0,2.369,2.2790573138050205,2.7580379746835444,0.0,0.23
enhUP_raw,3,29.333333333333332,1.1095,1.6659992499369642,2.427658227848101,0.0,0.23
enhUP_raw,3,29.666666666666668,2.552,1.8012170574722726,2.097278481012658,1.0,0.23
enhUP_raw,3,30.0,1.761,2.244517414128195,2.427658227848101,0.0,0.23
enhUP_raw,3,30.333333333333332,1.8045,1.740113430052456,2.097278481012658,0.0,0.23
enhUP_raw,3,30.666666666666668,1.6965,1.7512633012496135,1.7668987341772149,0.0,0.23
enhUP_raw,3,31.0,1.722,1.69204147949432,1.4365189873417719,1.0,0.23
enhUP_raw,3,31.333333333333332,1.8905,1.8497952931942145,1.7668987341772149,0.0,0.23
enhUP_raw,3,31.666666666666668,1.227,1.5721340440761513,1.4365189873417719,0.0,0.23
enhUP_raw,3,32.0,1.1815,1.1366868833197197,1.1061392405063288,0.0,0.23
enhUP_raw,3,32.333333333333336,1.587,1.376436447502584,0.7757594936708858,1.0,0.23
enhUP_raw,3,32.666666666666664,1.6625,1.6659106373524863,1.1061392405063288,1.0,0.23
enhUP_raw,3,33.0,1.4135,1.5087029552610607,1.4365189873417719,0.0,0.23
enhUP_raw,3,33.333333333333336,1.95,1.6169031075324252,1.1061392405063288,1.0,0.23
enhUP_raw,3,33.666666666666664,2.727,2.3733885738329747,1.4365189873417719,1.0,0.23
enhUP_raw,3,34.0,2.717,2.8405810153738655,1.7668987341772149,0.0,0.23
enhUP_raw,3,34.333333333333336,1.6235,2.184175555435691,1.4365189873417719,0.0,0.23
enhUP_raw,3,34.666666666666664,1.398,1.4406553785424194,1.1061392405063288,0.0,0.23
enhUP_raw,3,35.0,1.412,1.3812624836430125,0.7757594936708858,1.0,0.23
enhUP_raw,3,35.333333333333336,1.557,1.5041507196183872,1.1061392405063288,0.0,0.23
enhUP_raw,3,35.666666666666664,1.253,1.354091392803306,0.7757594936708858,1.0,0.23
enhUP_raw,3,36.0,2.2005,1.6806779742305349,1.1061392405063288,1.0,0.23
enhUP_raw,3,36.333333333333336,2.628,2.495750561176839,1.4365189873417719,1.0,0.23
enhUP_raw,3,36.666666666666664,2.299,2.6362836603645876,1.7668987341772149,1.0,0.23
